  ,Maintenance Item,Point Value,Interval,Jan,Feb,Mar,Apr,May,Jun,Jul,Aug,Sep,Oct,Nov,Dec,Mobility Priority,Weather Trigger,Newsfeed Section,Summary Feature 1,Feature 1 Image Link,Summary Feature 2,Feature 2 Image Link,Summary Feature 3,Feature 3 Image Link,Small Bungalow,Large Bungalow,Small Condo,Large Condo,Small 2-Story,Large 2-Story,Larger Home,Small Yard,Medium Yard,Large Yard,Gardens,Hedges,A few trees,Lots of trees,No Driveway,2-Car Driveway,4-Car Driveway,6-Car Driveway,8-Car Driveway,10-Car Driveway,Deck,Porch,Balcony,Walkway,Fireplace,Pool,No Mobility Issues,Mild Issues,Some difficulty,Severe difficulty,Wheel chair,,Tool 1,Tool 2,Tool 3,Tool 4,Tool 5,Material 1,Material 2,Material 3,Material 4,Material 5,Maintenance Summary,Learn Video 1 Title,Learn Video Link 1,Learn Video 2 Title,Learn Video Link 2,Learn Video 3 Title,Learn Video Link 3,Cautions
,Monthly Event Title - Focus,,,The New Years Event,The Kitchen Event,Windows and Doors Event,Spring Has Sprung,Lawn and Garden Event,"Decks, Porches, and Balconies",Walls and Floors Event,The Bathroom Event,Seasonal Maintenance Event,Home Safety Month,Winter Prep Month,Custodia Bingo Month!,,,,,,,,,,1-2 Bedroom,3-4 bedroom,1-2 bedroom,3-4 bedroom,2-3 bedroom,3-5 bedroom,5+ bedroom,,,,,,,,,,,,,,,,,,,,,,,,,,,,,,,,,,,,,,,,,,,
,Add Freshener To Dishwasher,8,Triannually,,x,,,,x,,,,x,,,,,Clean This Month,Add simple freshener to keep the dishwasher smelling clean.,,How does the dishwasher smell? Poor smell could lead to poor health!,,"Does the dishwasher need to be freshened up? If not, just press done.",,x,x,x,x,x,x,x,,,,,,,,,,,,,,,,,,,,,,,,,,,,,,,Dishwasher freshener,,,,,We have the magic touch when it comes to leaving things fresh.  Custodia will add dishwasher freshener whenever we need to.,How to add freshener to a dishwasher,https://www.youtube.com/watch?v=FVapwEuVQ0I,,,,,Onrequest only
,Add Freshener To Refrigerator,10,Triannually,,x,,,,x,,,,x,,,,,Clean This Month,We change out the baking soda every 6 months or so,,Does the refrigerator need to be freshened up?,,It's time to add or exchange baking soda in the fridge.,,x,x,x,x,x,x,x,,,,,,,,,,,,,,,,,,,,,,,,,,,,,,,Baking soda,,,,,"Tried and true, a box of baking soda will really freshen things up.  We will use one every 6 months or so to keep your fridge fresh.",How to freshen up a fridge,https://www.youtube.com/watch?v=erNSlBPJZ2Y,,,,,On request only
,Assisted Mobility Tool Maintenance,10,Quarterly,,x,,,x,,,x,,,x,,Yes,,Inside This Month,Keep screws and bolts tight and your stuff will last longer,,It's time to do general maintenance on mobility devices.,,Simple general maintenance on mobility devices keeps them safer.,,x,x,x,x,x,x,x,,,,,,,,,,,,,,,,,,,,,,x,x,x,,Screwdriver Set,Plyers,,,,Hand Towel,Spray Cleaner,,,,"Your Home Service hero is there to help you live a better life in your home and will do their best to help you maintain your mobility devices like walkers and wheelchairs.  We can't fix everything, but we do our best.",How to set up and maintain a standard walker,https://www.youtube.com/watch?v=YAv5_cyaY9g,,,,,Find the stud - you need to find the stud first - if not you need to use a drill and anchors to mounth
,Careful of the Ice today!,10,Weather Trigger,x,x,x,,,,,,,,x,x,Yes,< -4C,Outside This month,"It's really cold, spread some salt and be careful on the ice.",,"Wow, it's cold outside, ice may form. Be sure to spead some sand or salt.",,"It's very cold today, make sure there is no ice that could cause injury.",,x,x,x,x,x,x,x,,,,,,,,,x,x,x,x,x,x,x,,x,,,x,x,x,x,x,,Broom,Shovel,,,,Work Gloves,,,,,Your Home Service Hero is there to help in many ways and will never leave your home without sweeping the front walk and steps.  Enjoy this little perk.,"how to shovel snow without hurting your back,  how to properly sweep",https://www.youtube.com/watch?v=LQkGfqmD8Fc,,https://www.youtube.com/watch?v=ZUHSv1AEXWk,,,
,Check driveway/pavement for cracks and fix if possible,10,Annually,,,,x,,,,,,,,,,,Prevent This Month,Cracks can lead to tripping and need to be fixed before they get bigger.,,"If there area small cracks, they will get bigger. It's best to fill them.",,Damage can lead to tripping hazzards and erosion of property value.,,x,x,,,x,x,x,,,,,,,,,x,x,x,x,x,,,,,,,,,,,,,Caulking Gun,,,,,Asphalt Crack Filler,,,,,"Custodia may be able to help maintain your driveway and help it to last longer.  A lot of times, you can catch a crack in the early stages and fill it to keep the moisture out.  That way, it won't expand.",How to properly fill cracks in your driveway,https://www.youtube.com/watch?v=mmswyLnB3Ck,,,,,
,Check to see your internet as fast as it can be. Restart DSL Modems,4,Biannually,,,,,,x,,,,,,x,,,Inside This Month,When was the last time you restart your modem?,,Consider restarting the modem to get faster internet.,,,,x,x,x,x,x,x,x,,,,,,,,,,,,,,,,,,,,,,,,,,,,,,,Dust Towel,,,,,Once or twice a year Custodia will restart your internet modem so that it gets a new IP address reboots all of it's firmware.  It will work a little faster for you.,How to reset a router,https://www.youtube.com/watch?v=e9CEk08Hac4,,,,,
,"Check water softener, add salt if needed",10,Bimonthly,x,,x,,x,,x,,x,,x,,,,Inside This Month,Do you need to add salt to your water softener?,,,,,,x,x,,,x,x,x,,,,,,,,,,,,,,,,,,,,,,,,,,Vacuum,,,,,Water Softener Salt,Work Gloves,,,,Sometimes we forget to clean it and put in salt.  Some of us don't want to life the salt bag?  Custodia checks on the salt levels each visit and fully maintains the unit annually.,How to test maintain a water softener,https://www.youtube.com/watch?v=jb1j-JVpNVk,,,,,"If the salt level is way down and you cfan get to the bottom of the tank, you can do some quick cleaning if it looks like it needs maintenance."
,Check/Replace drinking water filters,10,Triannually,,x,,,,x,,,,x,,,,,Clean This Month,"If you have a drinking water filter, when was the last time you cleaned the filter?",,,,,,x,x,x,x,x,x,x,,,,,,,,,,,,,,,,,,,,,,,,,,Pipe Pliers,,,,,Vinegar and Baking Soda,New Water Filters,,,,"Sometimes drinking water needs a filter.  Some have it under the counter, some have it on the fridge or in the fridge.  Either way, they need to be cleaned and maintained.",Wide variety - study 10 videos including Brita and other filters.,https://www.youtube.com/results?search_query=replace+drinking+water+filter,,,,,Water filters can be really tricky to change out.  Only do this on request or on recommendation and apprvoal  You could create a leak
,Replace any light bulbs inside home,10,Quarterly,,x,,,x,,,x,,,x,,,,Inside This Month,Do a perimeter scan for any lightbulbs that may need to be replaced.,,,,,,x,x,x,x,x,x,x,,,,,,,,,,,,,,,,,,,,,,,,,,Short step ladder,Screwdriver set,,,,Appropriate Light Bulbs,,,,,Keeping lightbulbs tight and bright makes your home look better and it's safer to get around.  It's easy to forget a bulb in the hallway or garage. ,How to change your household light bulbs,https://www.youtube.com/watch?v=JW2Br1yjwZA,,,,,
,Check/service fire extinguishers,10,Biannually,x,,,,,,x,,,,,,,,Prevent This Month,You should have one beside your kitchen,,,,,,x,x,x,x,x,x,x,,,,,,,,,,,,,,,,,,,,,,,,,,Soft Mallett,,,,,Dust cloth,Spray Cleaner,New Fire Extinguisher,,,"Custodia will help you maintain your fire extinguisher so that it's ready should you ever need it.  If you do not have one, Custodia can get one sent to you.  It's not included in your subscription, but we can get it for you.",How to check and service fire extinguishers,https://www.youtube.com/watch?v=ar-eSqk2ejg,,,,,
,Checking and maintaining heating system,10,Biannually,,,,x,,,,,,x,,,,,Prevent This Month,"Don't go taking everything apart, that's for the pros to do",,,,,,x,x,,,x,x,x,,,,,,,,,,,,,,,,,,,,,,,,,,Portable wet dry vacuum ,Screwdriver set,,,,Duct tape,,,,,"You don't need to disassemble your furnace to maintain it.  Clean it, vacuum around the components, inspect it for wear and tear.  If you have an issue, cal the pros.",How to maintain a furnace and home heating,https://www.youtube.com/watch?v=Cn3VtTaBt1Q,,,,,
,Checking/Cleaning Gutters & Downspouts,10,Biannually,,,x,,,,,,,,x,,,,Outside This Month,Have you cleaned your gutters lately?  We bet you haven't!,,,,,,x,x,,,x,x,x,,,,,,,,,,,,,,,,,,,,,,,,,,30 Foot Ladder,Safety Harness,Broom and Dustpan,Spraywaster with bent end to reach and remove,,Yard Waste Bags,Work Gloves,,,,Custodia will perform this not-so-glamorous task as part of your Household subscription.  We keep the gutters clean and tight to the roof so they collect and distribute water properly throughout the year.,How to properly clean gutters and downspouts,https://www.youtube.com/watch?v=2_9WJSzV6fw,,,,,Make sure you use Ladder standoffs so you don't bend the eves or siding.  If you go up you need to be tied off and safe.  We do not go up ladders and on roofs without this safety precaution.   Try to use the pressure washer and push dirt down to downspouts.  Use the drone to inspect where you need to do the work most and focus there.
,Clean and maintain the BBQ,4,Monthly,,,,,x,x,x,x,x,x,,,,,Outside This month,Do you need us to setup and clean your BBQ for the season?,,,,,,x,x,x,x,x,x,x,,,,,,,,,,,,,,x,x,,,,,,,,,,,Screwdriver Set,,,,,Wash Cloth,Spray Cleaner,Degreaser,,,Custodia offers an exclusive BBQ Cleaning service along with all Premium and Outside Subscribers.  We will keep your BBQ clean and running perfectly all season.,How to set up propane and how to add charcoal,https://www.youtube.com/watch?v=Dc1da050SJE,,,,,
,Clean dishwasher filters ,10,Bimonthly,,x,,x,,,,,x,,,x,,,Clean This Month,"If your dishwasher has a scent, it's time to clean the filters",,,,,,x,x,x,x,x,x,x,,,,,,,,,,,,,,,,,,,,,,,,,,Scrub Brush,,,,,All Purpose Cleaner,Dishwasher filters,,,,Your dishwasher filters will be cleaned with each and every visit we make to your home.  That will help it smell less and stay operating efficiently.,How to clean dishwasher filters,https://www.youtube.com/watch?v=az0q0War3FE,,,,,
,Clean dryer vent and housing,10,Biannually,,,,x,,,,,x,,,,,,Clean This Month,Your dryer will work better when the vents are cleaner,,,,,,,,,,,,,,,,,,,,,,,,,,,,,,,,,,,,,,Dryer Duct Cleaning Kit,Screwdriver set,,,,Hand Towel,Spray Cleaner,,,,"A couple times a year, Custodia will clean out the vents behind the dryer.  It's a dusty job if it's not done regularly, but if it is, your dryer will run better and last longer.",How to clean dryer vent and housing,https://www.youtube.com/watch?v=0CeNnNU_Q4M,,,,,Watch the elbows in venting pipe.  If they are older you should use pipe tape to hold them together and keep the air in.
,Clean furnace vents and air return vents,10,Annually,,,,,,,,,,x,,,,,Clean This Month,Stick your vacuum into your air vents and clean out any dust and debris,,,,,,,,,,,,,,,,,,,,,,,,,,,,,,,,,,,,,,Portable wet dry vacuum ,,,,,Hand Towel,Soap and water,,,,"We don't do it often, but these vents can get really dirty.  You can stick your vacuum down the vent to get some of the dirt, but if it's bad, you may need a pro.",How to properly clean air vents in your home,https://www.youtube.com/watch?v=QdKvKpwGOkk,,,,,
,Clean out window wells of debris,6,Biannually,,,,x,,,,,,,x,,,,Outside This month,Get in there and clean out the window wells,,,,,,,,,,,,,,,,,,,,,,,,,,,,,,,,,,,,,,Shovel,Rake,,,,Yard Waste Bags,,,,,Keeping window wells clean and free of debris is a key element to maintain outside your home.,How to keep window wells clean,https://www.youtube.com/watch?v=s49kQ5YAecA,,,,,
,Clean range hood filters,10,Biannually,,x,,,,,,,x,,,,,,Clean This Month,These greasy little buggers are tough to clean and maintain,,,,,,,,,,,,,,,,,,,,,,,,,,,,,,,,,,,,,,Baking Pan for Hot Water,Wooden Spoon,,,,Baking soda,Vinegar,,,,"Range hood filters get greasy and sticky.  We clean them a few times a year so they don't get too bad.  If they are too bad, you may need to replace them.  This is not included on the subscription.",How to clean a range hood filter,https://www.youtube.com/watch?v=dqbMKQ0ra5Y,,,,,
,Clean the chimney,10,Annually,,,,,,,,,,x,,,,,Prevent This Month,"Is you have not cleaned your chimney and checked your dampers, it's time.",,,,,,,,,,,,,,,,,,,,,,,,,,,,,,,,,,,,,,Broom and Dustpan,,,,,Chimney Cleaning Log,Work Gloves,Thick Garbage Bag,,,We will light a chimney cleaning log for you when we start our service.  This log will listen all of the sediment in the chimney and allow us to vacuum it up during our next visit.,How to sweep your own chimney,https://www.youtube.com/watch?v=sk_spbwPMOw,,,,,
,Clean the windows inside,10,Biannually,,,x,,,,,,x,,,,,,Inside This Month,Clean screens allow more light in and airflow in your home,,,,,,x,x,x,x,x,x,x,,,,,,,,,,,,,,,,,,,,,,,,,,Screwdriver set,Utility knife,,,,Hand Towel,Window cleaner fluid,,,,There is a right way and a long way to clean the screens in your home.  Let's look at the right way.,How to properly clean window screens,https://www.youtube.com/watch?v=GWzbH4SA2iE,,,,,
,Clean the windows outside,,Biannually,,,x,,,,,,x,,,,,Remove from list when it's raining,Outside This Month,Clean the window pains outside the home so more light gets in.,,,,,,s,s,,,x,x,x,,,,,,,,,,,,,,,,,,,,,,,,,,,,,,,,,,,,,,,,,,,
,Clean turn on inspect and clean humidifier,10,Annually,x,x,x,x,x,x,x,x,x,x,x,x,,Humidity levels in below 4,Inside This Month,"In colder climates, your humidifier can be a skin saver!",,,,,,x,x,,,x,x,x,,,,,,,,,,,,,,,,,,,,,,,,,,Screwdriver set,,,,,Hand Towel,Spray Cleaner,,,,"The cold air sucks moisture out of the air, so it's great to have a humidifier running on or around the furnace, pushing moisture through the vents of your home.  Custodia will perform general maintenance, cleaning and testing will be performed annually.",Humidifier maintenance ,https://www.youtube.com/watch?v=GviJlMsUvf4,,,,,Old water valves could break off. Take a good look before turning it in any direction. Check furnace humidifier for faulty float operation as it could be leaking into furnace.
,Clean turn off inspect and clean humidifier,10,Annually,x,x,x,x,x,x,x,x,x,x,x,x,,Humidity levels in decrease above 6,Inside This Month,"In colder climates, your humidifier can be a skin saver!",,,,,,x,x,,,x,x,x,,,,,,,,,,,,,,,,,,,,,,,,,,Screwdriver set,,,,,Hand Towel,Spray Cleaner,,,,"The cold air sucks moisture out of the air, so it's great to have a humidifier running on or around the furnace, pushing moisture through the vents of your home.  Custodia will perform general maintenance, cleaning and testing will be performed annually.",Humidifier maintenance ,https://www.youtube.com/watch?v=GviJlMsUvf4,,,,,Old water valves could break off. Take a good look before turning it in any direction. Check furnace humidifier for faulty float operation as it could be leaking into furnace.
,Clean under the fridge and stove,8,Bimonthly,x,,x,,x,,x,,x,,x,,,,Inside This Month,Keep these hidden areas cleaned or risk bugs!,,,,,,x,x,x,x,x,x,x,,,,,,,,,,,,,,,,,,,,,,,,,,,,,,,,,,,,,,,,,,,
,Clean up and maintain balcony space,8,Bimonthly,,,x,,x,,x,,x,,x,,x,,Outside This month,Keep the balcony clean and accessable because it extends the living space.,,,,,,,,,,,,,,,,,,,,,,,,,,,,x,,,,,,,,,,Broom and Dustpan,,,,,,,,,,Many times the balcony can go years without a proper cleaning.  Custodia will clean it and keep it clean as part of your Condo and Income Property Subscription,How to properly clean your condo balcony,https://www.youtube.com/watch?v=RnEO10r9hdk,,,,,
,Clean up pet spaces,10,Weekly,x,x,x,x,x,x,x,x,x,x,x,x,,,Clean This Month,Keeping their areas clean will keep everyone happy.,,Deep clean the area - rinse the grass or wash flooraround popular areas,,It's time to do a deeper clean in the spaces your pets to their business.,,x,x,x,x,x,x,x,,,,,,,,,,,,,,,,,,,,,,,,,,Water Bucket,Hose and Nozzel,,,,Disinfectant,Disposable spunge,,,,"When you keep the areas you pet uses clean and neat, they are happier, and the air in the home is fresher. Bad odours and pet waste make the home much less inviting.",,,,,,,
,Clean Up the Yard,10,Triannually,,,,x,,x,,,,,x,,,,Outside This Month,It's that time of year again!,,,,,,,,,,,,,x,x,x,,,,,,,,,,,,,,,,,,,,,,,,,,,,,,,,,,,,,,,,
,Clean/Sharpen Garbage Disposal,10,Biannually,,x,,,,,,,x,,,,,,Clean This Month,We have a great way to clean and freshen the garbage disposal,,,,,,,,,,,,x,,,,,,,,,,,,,,,,,,,,,,,,,,,,,,,Rock Salt,Baking soda,Lemon Peels,,,"A combination of rock salt, baking soda, lemon peels help keep your garbage disposal fresh and clean every few visits.",How to clean a garbage disposal without chemicals,https://www.youtube.com/watch?v=chTa57fn-CM,,,,,Negative. Do not remove or tamper with this device.
,Clear dead plants/shrubs from the house,6,Triannually,,,,x,,,x,,,,x,,,,Outside This month,Custodia will keep the shrubs trimmed and the dead plants cleaned up,,,,,,,,,,,,,x,x,x,,,,,,,,,,,,,,,,,,,,,,,Yard scissors,Hedge Clippers,Rake,,,Brown Yard Waste Bags,,,,,Custodia helps our Outside and Premium subscribers keep dead plants cleaned up and live plants happy and healthy.,Clean out dead plants and prepare for winter or summer,https://www.youtube.com/watch?v=7VvMtPMpiyk,,,,,
,Snow is coming today,10,Weather Trigger,x,x,x,,,,,,,,x,x,Yes,Snow is predicted in the forecast for the day,Outside This Month,"Snow is going to fall today, be sure to get it cleaned up!",,,,,,,,,,,,,,,,,,,,x,x,x,x,x,x,x,x,x,x,,,,,,,,,Broom,Shovel,,,,Work Gloves,,,,,Your Home Service Hero is there to help in many ways and will never leave your home without sweeping the front walk and steps.  Enjoy this little perk.,"how to shovel snow without hurting your back,  how to properly sweep",https://www.youtube.com/watch?v=LQkGfqmD8Fc,,https://www.youtube.com/watch?v=ZUHSv1AEXWk,,,
,It's time to clear the snow!,10,Weather Trigger,x,x,x,,,,,,,,x,x,Yes,After >4CM Snow has fallen,Outside This Month,5CM is going to fall today!,,,,,,,,,,,,,,,,,,,,x,x,x,x,x,x,x,x,x,x,,,,,,,,,Broom,Shovel,,,,Work Gloves,,,,,Your Home Service Hero is there to help in many ways and will never leave your home without sweeping the front walk and steps.  Enjoy this little perk.,"how to shovel snow without hurting your back,  how to properly sweep",https://www.youtube.com/watch?v=LQkGfqmD8Fc,,https://www.youtube.com/watch?v=ZUHSv1AEXWk,,,
,Cut the Grass,10,Weekly,,,,,x,x,x,x,x,x,x,,,,Outside This Month,"It's going to rain a lot this week, the grass will grow faster and may need to be cut.",,,,,,,,,,,,,x,x,x,,,,,,,,,,,,,,,,,,,,,,,Lawn Mower,Weed Wacker,,,,Brown Yard Waste Bags,,,,,"If you're on a Premium or an Outside Subscription, Custodia comes to your home once every two weeks and cuts the grass and trims the fence line.    We keep the place looking good!",How to properly cut the grass,https://www.youtube.com/watch?v=jTsibNGnzpA,,,,,
,"It's rained a lot lately, you may need to cut the grass again.",10,Weather Trigger,,,,,x,x,x,x,x,x,x,,,Over 5MM of rain fallen in the past 2 dayst,Outside This Month,"It's going to rain a lot this week, the grass will grow faster and may need to be cut.",,,,,,x,x,,,x,x,x,x,x,x,,,,,,,,,,,,,,,,,,,,,,,Lawn Mower,Weed Wacker,,,,Brown Yard Waste Bags,,,,,"If you're on a Premium or an Outside Subscription, Custodia comes to your home once every two weeks and cuts the grass and trims the fence line.    We keep the place looking good!",How to properly cut the grass,https://www.youtube.com/watch?v=jTsibNGnzpA,,,,,
,Drain 1/2 Gallon From Water Heater,10,Annually,,,,,,,,,,,x,,,,Prevent This Month,"Drain a little water out of your water heater, what does it look like?",,,,,,x,x,,,x,x,x,,,,,,,,,,,,,,,,,,,,,,,,,,Screwdriver Set,Plyers,Short hose or funnel,Small water bucket,,Duct tape,,,,,"If you drain a little water and you see rust colour or sediments floating in the water, it may be time to ",How to maintain a water heater,https://www.youtube.com/watch?v=ZIco8uZJq00,,,,,Don't touch old tanks!  Once you crack it you may not be able to close it!  Sediment can get in the way.  Sometimes the tap could break off while it's open and cause a flood.
,Empty out your vacuum,10,Quarterly,x,,,x,,,x,,,x,,,,,Clean This Month,A clean vacuum will work harder and last longer,,,,,,x,x,x,x,x,x,x,,,,,,,,,,,,,,,,,,,,,,,,,,Screwdriver set,,,,,Dust bags,Hand Towel,Spray Cleaner,Face Mask,,"Each time we come, we clean out the vacuum dust container, clean the filter and check for any obstructions.  Simple and important maintenance.","How to empty, inspect and maintain a vacuum",https://www.youtube.com/watch?v=34pANh2ni9g,,,,,"Be ready for it to pop open, make sure it's unplugged and safe.   It can make a massive mess.  if it's central air, find the container and make sure it's empty."
,Ensure all outlets and switches are safe and working,10,Biannually,,,,,,x,,,,x,,,,,Inside This Month,If your light switches are loose you need to tighten them,,,,,,x,x,x,x,x,x,x,,,,,,,,,,,,,,,,,,,,,,,,,,Drill,Electrical Test Kit,,,,Electrical tape,,,,,"Loose electrical receptacles or light switches can cause shocks or worse, sparks that can cause a fire in your home.  These need to be tight and maintained.",How to change a light switch,https://www.youtube.com/watch?v=qSAnXWiMyLg,,,,,
,Ensure power bars and Eextension cords safely stowed and working,10,Monthly,,,,,,,,,,x,,,Yes,,Prevent This Month,Have you ever tripped over an extension cord?,,,,,,x,x,x,x,x,x,x,,,,,,,,,,,,,,,,,,,,,,,,,,,,,,,Velcro cord wraps,,,,,Connected too many things to one outlet?  Try not to make this a habit.  Keep electrical connections safe and organized.  Hide wires the best you can so you and others don't trip over them.,Avoid overloaded outlets,https://www.youtube.com/watch?v=P5fDjxUg7l0,,,,,
,Fireplace maintenance & service,10,Annually,,,,,,,,,,x,,,,,Inside This Month,When was the last time you cleaned and vacuumed your fireplace?,,,,,,,,,,,,,,,,,,,,,,,,,,,,,,x,,,,,,,,Portable wet dry vacuum ,Broom and Dustpan,,,,Work Cloth,Thick Garbage Bag,Work Gloves,,,"Custodia will schedule this once a year for Small Home Subscribers and more often for Household Subscribers.  THe more it is used, the more often it needs maintenance to ensure your safety and air quality. ",Fireplace maintenance and safety,https://www.youtube.com/watch?v=zo2NFWUtFuQ,,,,,
,"Inspect all faucets, toilets for leaks",10,Annually,,x,,,,,,x,,,,,,,Inside This Month,Keeping a close eye for leaks on your faucets and toilets,,,,,,x,x,x,x,x,x,x,,,,,,,,,,,,,,,,,,,,,,,,,,Pipe pliers,,,,,Hand Towel,Pipe sealing Tape,,,,Custodia will ensure you don't have any leaks in the plumbing throughout your home.  We are not plumbers but we can perform basic maintenance and testing.  We call in the pros if there is a bigger job.,How to repair a leaky toilet,https://www.youtube.com/watch?v=OjSbQhXTdHI,How to repair a leaky sink - basket strainer,https://www.youtube.com/watch?v=WNnQUHLsUCA,,,"If the toilet has a gate valve, make sure it's off before doing maintenance.  If it's a noticable leak you need to call an Custodia plumbing partner"
,Inspect and Clean Coffee Maker,10,Bimonthly,,x,,,,,,,x,,,x,,,Clean This Month,A great cup of coffee starts with a clean and fresh coffee maker,,,,,,x,x,x,x,x,x,x,,,,,,,,,,,,,,,,,,,,,,,,,,,,,,,Vinegar water and lemon mix,,,,,"Your coffee maker can get moldy and grow harmful bacteria that can make you sick.  Custodia will clean your coffee maker with vinegar, lemon and hot water every few months.  A clean coffee maker will renew your brew!",How to clean a coffee maker,https://www.youtube.com/watch?v=qGTICIyJ-10,,,,,"Only use vineger, not CLR."
,Inspect and clean furnace filters,10,Biannually,,,,x,,,,,,,x,,,,Clean This Month,A clean furnace filter will save you money on electricity,,,,,,x,x,x,x,x,x,x,,,,,,,,,,,,,,,,,,,,,,,,,,Portable wet dry vacuum ,Screwdriver set,,,,Appropriate Furnace Filters,,,,,"Not only does a clean air filter help keep clean the air in your home, it also help reduce the cost of your electricity bill.  It's easier to push air through a clean filter.",How to properly change and clean a furnace filter,https://www.youtube.com/watch?v=6jV6zSP75tA,,,,,
,Inspect and empty dehumidifier,4,Weather Trigger,,,,,,,x,x,x,,,,,Humidity is above 6 for a day or more,Inside This Month,"If the air in your home is too humid, it gets sticky and moist.  No one likes that.",,,,,,x,x,,,x,x,x,,,,,,,,,,,,,,,,,,,,,,,,,,Screwdriver set,Counter Brush,,,,Hand Towel,Spray Cleaner,Dehumidifier Filters,Compressed Air,,"Using a dehumidifier to take excess moisture out of the air can help make your home more comfortable.  Custodia will empty it, clean it and maintain it while it's in use and prepare it for storage when it's not.",How to take apart and maintain a dehumidifier,https://www.youtube.com/watch?v=a7glIdyi5xk,,,,,
,Inspect and lubricate sliding door tracks,10,Annually,,,x,,,,,,,,,,,,Prevent This Month,Keeping Sliding Components Lubricated and they will last longer,,,,,,,,,,,,,,,,,,,,,,,,,,,,,,,,,,,,,,Screwdriver set,Utility knife,,,,WD 40 Silicone,,,,,Don't use too much lubrication or it will drip down the surface and look bad. Light coverage and full motion of the joint or rail and you will be all done.,How to Maintain Sliding Door Tracks,https://www.youtube.com/watch?v=A3BNO1a-vSs,,,,,Make sure the door track is level accorss.  You can get swelling in small areas of the track.  You may need to replace the track or dig in to repair it.   Make sure it's tight against the floor and not swelling up in areas.  Us ehigh quality lubricant.
,Inspect and maintain exterior facing on house,10,Annually,,,,x,,,,,,,,,,,Outside This Month,We keep an eye on the outside of your home and catch anything out of place quickly.,,,,,,,,,,,,,,,,,,,,,,,,,,,,,,,,,,,,,,30' Ladder,,,,,,,,,,"When we come for our visits, we do a perimeter check of the home to ensure that everything is safe and in place.  We then make our way in the home. ",How to inspect the house exterior,https://www.youtube.com/watch?v=zjZiZAvfEgU,,,,,
,Inspect and maintain washer and dryer,10,Annually,,,,,,,,,,,,,,,,Washer and Dryer maintenance is important to make these appliances last,,,,,,,,,,,,,,,,,,,,,,,,,,,,,,,,,,,,,,Screwdriver set,Utility Knife,Appliance Dolly,Flashlight,,Electrical Tape,Work Cloth,Spray Cleaner,Appliance Light Bulbs,Washer Hoses,"Every year or so you should inspect and maintain your washer and dryer connections, hinges, hoses and ventilation.  Keeping them clean and maintained will save time and energy over the long term.",How to inspect and maintain washer and dryer,https://www.youtube.com/watch?v=lUFD5CQyFT0,,,,,"Be careful of taps around the washer.  It could have old hoses, taps and connections."
,Inspect and repair exterior caulking,10,Annually,,,,,,,,,,,,,,,,Sometimes caulking around windows and doors comes off,,,,,,,,,,,,,,,,,,,,,,,,,,,,,,,,,,,,,,Caulking Gun,Utility knife,,,,Exterior Caulking,,,,,Custodia will inspect the caulk on all your windows and doors and diagnose the need for repair or replacement.  We will clean the area and apply new caulking as needed.  ,How to remove and replace exterior caulk,https://www.youtube.com/watch?v=GdHfuL64zqw,,,,,
,Inspect and repair exterior video cameras and motion lights and/or motion sensors,10,Annually,,,,,,,,,,,,,,,,"If you have a video security system, it's good to test and maintain it",,,,,,,,,,,,,,,,,,,,,,,,,,,,,,,,,,,,,,Stepladder,Screwdriver set,Flashlight,,,Dust Cloth,,,,,"Custodia will test the operation of the equipment and the camera angles as well as clean lenses, tighten screws and do an overall check up on security systems about 3 times a year.","How to set up, inspect, position home security system",https://www.youtube.com/watch?v=SJYwIV2pqwQ,,,,,
,Inspect and repair the deck and railings,8,Annually,,,,,,,,,,,,,,,Outside This month,Do you have a loose deck board or a screw missing?,,,,,,,,,,,,,,,,,,,,,,,,,,,,,,,,,,,,,,Drill,Circular Saw,Pry Bar,,,Deck screws,Deck Cleaner,,,,"At the beginning of the season, Custodia will inspect your deck and do basic repairs that will help it last longer.  We are not building you a deck, we are just making the one you have last longer.",how to replace rotten decking,https://www.youtube.com/watch?v=To2GYvhbdQQ,,,,,
,Inspect and repair the seals on windows and doors.  Weather stripping,10,Annually,,,,,,,,,,,,,,,,Weather stripping is cheap.  Heating and cooling the outside is not,,,,,,,,,,,,,,,,,,,,,,,,,,,,,,,,,,,,,,Drill,Stanley Wonder Bar,Utility knife,,,"Weather Stripping - White, Black or Grey",,,,,It's simple to clean or change your weather stripping.  Take a close look and feel for a breeze.  Watch this short video and learn how to replace your weather stripping.,How to replace old weather stripping,https://www.youtube.com/watch?v=2H2xK7XnBio,,,,,"Weather stripping does not need to be tight to the door jam - just snug.  If it's too tight, it could bunch up and ruin the seal."
,Inspect and trim branches in contact with house,10,Bimonthly,,,,,,,,,,,,,,,,Keep branches and bushes that touch the home trimmed and in place,,,,,,,,,,,,,,,,,,,,,,,,,,,,,,,,,,,,,,Long Handle Hedge Trimmers,Yard scissors,,,,Brown Yard Waste Bags,,,,,Custodia does it right by trimming the trees and bushes around your home so they don't touch windows or interrupt access.  Light clean up every visit for Household and Outside subscribers.,Trim shrubs and plants like a pro,https://www.youtube.com/watch?v=RDyJ_u8HGRE,,,,,"These could tear shingles away, siding, etc.  You shoud ever have a branch overhanging or coming in contact with the house at all.  If there is one, take it out or get someone to come take it out.  Note:  Hydro wires!!  Be careful."
,Inspect Attic For Animals or disturbances,10,Annually,,,,,,,,,,,,,,,,"Are there any critters in your attic?  Not too common, but it's an easy problem to solve.",,,,,,,,,,,,,,,,,,,,,,,,,,,,,,,,,,,,,,Short Step Ladder,,,,,Work Gloves,Face Mask,,,,"Once or twice a year Custodia will go up and inspect your attic to ensure insulation, venting are sufficient and external access is cut off.  Quick inspection and the odd repair save energy and the tapping of rodent feet on your ceiling.",How to safely remove pests from the attic,https://www.youtube.com/watch?v=clVo9fNYG2s,,,,,
,Inspect Attic Insulation,10,Annually,,,,,,,,,,,,,,,,Does your attic properly insulate your home?,,,,,,,,,,,,,,,,,,,,,,,,,,,,,,,,,,,,,,Short Step Ladder,,,,,Expanding Foam,Face Mask,Attic Insulation,,,"Custodia will check the insulation, cover places that need extra and use spray foam to fill any gaps or holes that may cause air leakage.  ",How to inspect your attic insulation ,https://www.youtube.com/watch?v=usLeQ4maVOI,,,,,Do not enter attic if at all possible. Too many hazards to be in an enclosed space without back-up.
,"Inspect for paint scuffs, worn patches and scratches",10,Annually,,,,,,,,,,,,,,,,Do you have any paint scuffs and scratches you need to fix?,,,,,,,,,,,,,,,,,,,,,,,,,,,,,,,,,,,,,,Painting Kit,,,,,Paint - watch shade,Wash Towel,,,,"Custodia will match your current paint colour and every now and again, bring a brush to touch up the walls.  This is a nice touch that keeps things looking nice.",How to match a paint shade and paint a spot on the wall.,https://www.youtube.com/watch?v=J0hYIGbpCBY,,,,,You need to get a good piece of it to bring to Home Depot so you can match the colour.  
,Inspect foundation for cracks and water leakage,10,Annually,,,,,,,,,,,,,,,Inside This Month,Sometimes a small crack in your foundation could be responsible for flooding your basement!,,,,,,,,,,,,,,,,,,,,,,,,,,,,,,,,,,,,,,Trowel Set,Infrared Moisture Sensor,,,,Foundation Patch / Caulking,Work Gloves,,,,"Your homes foundation is the footing that holds all of the weight.  Custodia will inspect it yearly, fill cracks and caulk any lines that need attention.  We will infrared look at the moisture content in the walls and make repairs where possible.",Preventing the need for foundation repair,https://www.youtube.com/watch?v=pyLyhWwbkEo,,,,,Check for downspout drainage and ensure water is directed away from house.
,Inspect hose bibs,6,Annually,,,,,,,,,,,,,,,Outside This month,Make sure to check hose bibs once a year,,,,,,,,,,,,,,,,,,,,,,,,,,,,,,,,,,,,,,Pliers,,,,,Hand Towel,,,,,Custodia will make sure your hose bibs are tight to the home and not leaking anywhere.  It's something small that can make a big difference to working outside.,How to winterize hose bibs,https://www.youtube.com/watch?v=_FmMMy1vd94,,,,,
,Inspect Maintain Fridge and Stove,10,Annually,,,,,,,,,,,,,,,,Your Fridge and Stove may need some love.  When was the last time?,,,,,,,,,,,,,,,,,,,,,,,,,,,,,,,,,,,,,,Screwdriver set,Utility Knife,Appliance Dolly,Flashlight,,Electrical Tape,Work Cloth,Spray Cleaner,Appliance Light Bulbs,,"Every year or so you should inspect and maintain your fridge and stove electronics, hinges, drawers and racks.  SImply tightening a screw or cleaning a wire could save you thousands.  Custodia are not appliance repair people so if there is a serious issue, we call the pros.",How to maintain your fridge and freezer,https://www.youtube.com/watch?v=Y0iAOF8OZlU,How to maintain a gas stove,https://www.youtube.com/watch?v=7-2tJAh5vyE,how to do annual maintenance on a residential refrigerator,https://www.youtube.com/watch?v=3duuaAbhLcA,Pull these out and clean around them and remove any obstructions.  Change lightbulbs and make sure things are tight.  Do not get into the electricity.
,"Inspect roofing for damage, leaks, etc - report anything to homeowner",10,Annually,,,,,,,,,,,,,,,,Your roof is a key part of your home and one that needs annual inspection,,,,,,,,,,,,,,,,,,,,,,,,,,,,,,,,,,,,,,30 Foot Ladder,Hammer,Safety Harness ,,,Roofing Tar,,,,,"Once a year, Custodia will go up on your roof to do a full inspection of the shingles, vents, skylights and other checkpoints.  We fix any quick issues and book professionals where needed for larger issues.","Drone training, if it is leaking, we need to get on the roof",https://www.youtube.com/watch?v=CHMuBS-41-c,,,,,
,Inspect tighten and maintain toilet,10,Annually,,,,,,,,,,,,,,,,Does your toilet move at all when you sit down on it? That's an accident waiting to happen!,,,,,,,,,,,,,,,,,,,,,,,,,,,,,,,,,,,,,,Adjustable Wrench,,,,,Toilet Gasket,Plastic Gloves,Water Supply Valve,Toilet Hose,,"Two times a year, Custodia will ensure that your toilets are tight, clean, maintained and operating efficiently.  This maintenance will help ensure longer lasting, fresher bathroom for everyone. ",How to inspect and fix toilets,https://www.youtube.com/watch?v=RTsse-PqVFw ,Water supply valve replacement,https://www.youtube.com/watch?v=Z9KLq9_MkcM,,,Do not adjust toilet bolts if leaks are not evident. 
,"Inspect your basement or crawl space for leaks, moisture, termites, and wood rot",10,Annually,,,,,,,,,,,,,,,,Do you ever get down in the crawl spaces and corners in your basement?,,,,,,,,,,,,,,,,,,,,,,,,,,,,,,,,,,,,,,Utility Knife,Flashlight,,,,Work Gloves,,,,,Custodia will do annual inspections and maintenance in all of the hard to reach spaces in your basement.  We will report back any issues and can help set up pros to do extensive work.,How to inspect your foundation and basement for moisture,https://www.youtube.com/watch?v=B2X0k74WBq8,,,,,
,"Inspect, repair and clean grout In shower",6,Annually,,,,,,,,,,,,,,,Inside This Month,Sometimes grout falls out from between tiles.  We fix that too.,,,,,,,,,,,,,,,,,,,,,,,,,,,,,,,,,,,,,,Dremel with tool kit,Putty knife kit,,,,Tile Cleaner,Dust Mask,Grout,,,"If your tiles have some areas where grout is missing or old, we will identify them and schedule a visit to come and fix it.  We can have your tile and grout looking great in a couple hours.  All included in your subscription.",How to remove and apply new grout,https://www.youtube.com/watch?v=PXRtbRqLN68,,,,,
,Inspect/Clean Drains,6,Triannually,,,,,,,,,,,,,,,Clean This Month,Do you have drains that are backed up or dirty?  Sometimes we do too.,,,,,,,,,,,,,,,,,,,,,,,,,,,,,,,,,,,,,,,,,,,Baking Soda,White Vinegar,Drain Hair Stoppers,,,Custodia will not let your drains get clogged.  Every few visits we mix baking soda and vinegar into your drains and use it to flush out anything that may be forming.  We clean all drans as well to remove hair.,Cleaning and maintaining drains,https://www.youtube.com/watch?v=r1UBkNZ7gMc,,,,,
,Inspect/Clean Faucet Aerators,10,Annually,,,,,,,,,,,,,,,,Does hard water make your taps sputter?  We will help you with that.,,,,,,,,,,,,,,,,,,,,,,,,,,,,,,,,,,,,,,Small Pipe Pliers,,,,,Work Cloth,Pin to Poke Screen,Baking Soda,Vinegar,,Custodia will look after your taps on our first visit and check on them annually after that.  We simply clean the hard water residue from the aerators and tighten them all back up again.  Smooth flowing water is the goal.,How to clean faucet aerators,https://www.youtube.com/watch?v=e_DaEA5UtqY,,,,,Some Aerators are throwaway if older and need to be replaced.
,Inspect/Repair Counter Caulking,10,Annually,,,,,,,,,,,,,,,,"It's time to inspect, clean and repair caulking in the kitchen",,,,,,,,,,,,,,,,,,,,,,,,,,,,,,,,,,,,,,Caulking Gun,,,,,Caulking - note shade,,,,,It's so simple to make things look nicer with a fresh bead of caulking along the joint. Custodia will make sure all of this is looking good throughout the kitchen.,How to inspect and repair caulking,https://www.youtube.com/watch?v=SxtkcK1jzdg,,,,,Inspect. Do not attempt repair.
,"Inspect/repair/clean, sink tub and shower caulking",6,Annually,,,,,,,,,,,,,,,Inside This Month,Dirty or messy bathtub or shower caulking makes things look bad.  ,,,,,,,,,,,,,,,,,,,,,,,,,,,,,,,,,,,,,,Putty knife kit,Caulking Gun,,,,Caulking - note color,Hand Towel,Spray Cleaner,,,"It's a small thing, but important for both visuals and health.  Moldy caulking on your tub or shower is gross.  We clean it, repair it or replace it for you, all included.",How to caulk a tub and shower,https://www.youtube.com/watch?v=2atcFawue3U,,,,,Inspect. Don't attempt repair.
,Inspect/replace all exterior lighting,10,Monthly,,,,,,,,,,,,,Yes,,Outside This month,Do you have any exterior lights that need to be changed?,,,,,,,,,,,,,,,,,,,,,,,,,,,,,,,,,,,,,,Step Ladder,,,,,Exterior light bulbs,,,,,"Using Custodia, you will never have to worry about a lightbulb again.  We will replace them and make sure all are in perfect working order, all the time.",How to replace exterior light bulbs,https://www.youtube.com/watch?v=91wAKqJvfmg,,,,,
,Install grab bars where needed,10,Annually,,,,,,,,,,,,,Yes,,Inside This Month,Consider support handles around the home,,,,,,,,,,,,,,,,,,,,,,,,,,,,,,,,,,,,,,Drill,Drill Bit Set,Counter Brush,Dustpan,Eye Protection,Various Screws and Anchors,Hand Towel,Spray Cleaner,,,"If you decide you need a support handle, Custodia will help you place it and install it during the next visit.  If you need additional support in this area, we will always be there.",How to install a support handle in the bathroom,https://www.youtube.com/watch?v=ufTSoXbW1Pw,,,,,
,"Install/remove prep, repair window/door screens",10,Annually,,,,,,,,,,,,,,,,It's a little tedious to repair your window and door screens on your own,,,,,,,,,,,,,,,,,,,,,,,,,,,,,,,,,,,,,,Spline Roller,Portable Workbench,Utility knife,Cusioned clamps,,Screen Spline - Black or Grey,Appropriate replacement screen,,,,"It is possible, but tedious.  You need a few things to do this right and it takes a little time.  Take a peek at this video to learn how to do this on your own.",How to remove and install a screen,https://www.youtube.com/watch?v=PE49jQ31jAg,How to repair a screen,https://www.youtube.com/watch?v=yutz6U2totg,,,Patch small holes and take it to Home Depot if it needs replacement.  We could do it on site.
,It's time to mow the lawn,10,Weekly,,,,,,,,,,,,,,Over 5MM of rain in forcast,Outside This month,Your weekly reminder to get out there and cut the grass!,,,,,,,,,,,,,,,,,,,,,,,,,,,,,,,,,,,,,,Lawn Mower,Weed Wacker,,,,Brown Yard Waste Bags,,,,,"If you're on a Premium or an Outside Subscription, Custodia comes to your home once every two weeks and cuts the grass and trims the fence line.    We keep the place looking good!",How to properly cut the grass,https://www.youtube.com/watch?v=jTsibNGnzpA,,,,,
,Look over the walls and make any small repairs needed.,10,Annually,,,,,,,,,,,,,,,Inside This Month,We look for spots on your walls and imperfections we can fix,,,,,,,,,,,,,,,,,,,,,,,,,,,,,,,,,,,,,,,,,,,,,,,,"We will not get to it all in one day, but we will get it done.  If you have screw holes or other imperfections in your walls, your Hero will fix it.",How to fill holes and imperfections in your walls,https://www.youtube.com/watch?v=E-eBBzWEpwE,,,,,"if it's a small hole, use toothpaste to fill the hole rather than a bunch of mud.  If this does not work, use ready made mud to fill it."
,Maintain Wood Piles or Sensitive Trees,4,Annually,,,,,,,,,,,,,,,Outside This month,"If you have special trees or firewood, we help keep it together",,,,,,,,,,,,,,,,,,,,,,,,,,,,,,,,,,,,,,Rake,Small Axe,Saw,Hedge Clippers,,Yard Waste Bags,,,,,Does your backyard have a wood pile or a sensitive tree?  Maybe a special statue?  Custodia will give this area of your home some extra attention when we check on your yard.,How to properly stack firewood,https://www.youtube.com/watch?v=VFKWyMSwoCs,How to prune trees and shrubs,https://www.youtube.com/watch?v=W9ZjIkBwTCw,,,"Be careful of bees and hornets around woodpiles!  There are many stories of people getting stung around wood piles.  Also, watch for wood ticks.  Wear gloves and manage accordingly."
,Minor Exterior Paint Touch Ups,10,Annually,,,,,,,,,,,,,,,,Small home exterior touch ups can make things look a lot nicer,,,,,,,,,,,,,,,,,,,,,,,,,,,,,,,,,,,,,,,,,,,,,,,,"Your home has many spots that may need a little paint.  We will not paint the entire house, we leave that to the pros, but we will maintain and touch up the paint you have.",How to prep and paint the exterior of your home,https://www.youtube.com/watch?v=TbDcziU1y98,,,,,You need to get a good piece of it to bring to Home Depot so you can match the colour.  
,Mount and/or Tighten Shelving ,10,Annually,,,,,,,,,,,,,,,,"Do you have a shelf that you need put up, moved or tightened?",,,,,,,,,,,,,,,,,,,,,,,,,,,,,,,,,,,,,,Screwdriver set,Level,Drill,,,Various screw sizes,Dusting Towel,Spray Cleaner,,,"We know that shelving is really important to life in your home.  We can help you set any up, tighten up the loose ones, organize, dust and maintain an inventory.  We may even label things so you know what's there!",How to install floating shelves,https://www.youtube.com/watch?v=ZLGqoBPR_TY,How to Install Elbow Support Shelving,https://www.youtube.com/watch?v=tFqIm2dNeJc,,,
,No need to cut the grass,10,Weather Trigger,,,,,,,,,,,,,,No rain for 14 days,,"It has not rained in awhile, there's no need to cut it!",,,,,,,,,,,,,,,,,,,,,,,,,,,,,,,,,,,,,,Lawn Mower,Weed Wacker,,,,Brown Yard Waste Bags,,,,,"If you're on a Premium or an Outside Subscription, Custodia comes to your home once every two weeks and cuts the grass and trims the fence line.    We keep the place looking good!",How to properly cut the grass,https://www.youtube.com/watch?v=jTsibNGnzpA,,,,,
,Operate All Interior Water Shut Off Valves,10,Annually,,,,,,,,,,,,,,,,Operate and testing water shut off valves will reduce risk of a rupture,,,,,,,,,,,,,,,,,,,,,,,,,,,,,,,,,,,,,,Pliers,,,,,Work Cloth,,,,,This is another simple test that is performed annually on your water valves.  Lubricating where necessary and replacing valves where necessary. ,Find it and turn it on and off,https://www.youtube.com/watch?v=Qp8zplBhe3o,,,,,Be careful of old valves.  Do not try to fix a stripped or broken shutoff valves.
,Operate and test all windows/doors,10,Annually,,,,,,,,,,,,,,,,Open and close all windows and doors fully and feel for movement,,,,,,,,,,,,,,,,,,,,,,,,,,,,,,,,,,,,,,Screwdriver set,Utility knife,,,,WD 40,,,,,"You operate your windows and doors almost every day.  This time, do it slowly, open them and close them fully.  Take note of issues and fix where you can.",How to properly inspect windows,https://www.youtube.com/watch?v=ZfD9bFyRJsE,,,,,"IF there is a break, try to get the manufacturer to fix it.  if not, you need to do some research on the types of  slider locks and how to fix it.    Use high end lubrication so it lasts, not WD40.  Operate locks and doors that are rarely used.  They oxidize and start to stick."
,Operate/Cover/Uncover Attic Ventilation Fan,10,Annually,,,,,,,,,,,,,,,,Does your attic fan properly circulate the air in the top of your home?,,,,,,,,,,,,,,,,,,,,,,,,,,,,,,,,,,,,,,Short Step Ladder,Screwdriver set,,,,Work Gloves,Face Mask,,,,"During our shorty visits to your attic, we will inspect the ventilation and the fan to ensure all is in working order.  We want the right air circulation in the attic to keep it dry.",How to inspect and repair an attic ventilation fan,https://www.youtube.com/watch?v=E4zh_1cqJNM,,,,,An attic ventilation fan should never be covered. Temperature operates it.
,Operate/Lubricate Bath Ventilation Fans,6,Annually,,,,,,,,,,,,,,,,Do you have a squeaky ventilation fan?  We will fix that.,,,,,,,,,,,,,,,,,,,,,,,,,,,,,,,,,,,,,,Screwdriver Kit,Step Stool,,,,WD 40 Lubrication,,,,,"Your bathroom or other ventilation fan is squeaking or making noise of any kind, Custodia will silence it quickly.  Who else wants to get rid of the squeaky fan in their bathroom?",How to repair a noisy fan,https://www.youtube.com/watch?v=SYJz_VNnPSM,,,,,Fans are closed systems and do not require lubrication.
,Optimize and Schedule Smart Thermostat,4,Triannually,,,,,,,,,,,,,,,Inside This Month,Do you have a smart thermostat?  You can save money by programming it,,,,,,,,,,,,,,,,,,,,,,,,,,,,,,,,,,,,,,,,,,,Dust Towel,,,,,"If you have one of these cool little things, it's best to get the most out of it!  If you set it up correctly it will keep your home at a reasonable temperature while saving you money on electricity and or natural gas.   ",How to schedule a Nest Smart Thermostat,https://www.youtube.com/watch?v=IhbYvkL7G6Y,,,,,
,Paint the front Door!,10,One Time,,,,,,,,,,,,,,,,A new front door colour can liven up your home!,,,,,,,,,,,,,,,,,,,,,,,,,,,,,,,,,,,,,,,,,,,,,,,,,,,,,,,
,Patio Furniture Set Up,10,Annually,,,,,,,,,,,,,,,,Custodia will help you put away your outside furniture,,,,,,,,,,,,,,,,,,,,,,,,,,,,,,,,,,,,,,Hose,Screwdriver Set,Counter Brush,,,Work Cloth,Hand Cloth,Spray Cleaner,,,"If you're on a Premium or an Outside Subscription, Custodia will clean your patio furniture and put it away for the season and get it out again after winter.  What service!","How to Clean Patio Furniture, Decks, Grills and Outdoor Rugs",https://www.youtube.com/watch?v=rqUsyxL9ClU,,,,,
,Patio Furniture Store Away,10,Annually,,,,,,,,,,,,,,,,Custodia will help you put away your outside furniture,,,,,,,,,,,,,,,,,,,,,,,,,,,,,,,,,,,,,,Hose,Screwdriver Set,Counter Brush,,,Work Cloth,Hand Cloth,Spray Cleaner,,,"If you're on a Premium or an Outside Subscription, Custodia will clean your patio furniture and put it away for the season and get it out again after winter.  What service!","How to Clean Patio Furniture, Decks, Grills and Outdoor Rugs",https://www.youtube.com/watch?v=rqUsyxL9ClU,,,,,
,Polish any scuffs in hardwood,10,Biannually,,,,,,,,,,,,,,,Clean This Month,Do you have scratches or scuffs that don't look great on your hardwood?,,,,,,,,,,,,,,,,,,,,,,,,,,,,,,,,,,,,,,,,,,,Hardwood Polish - note shade,Hardwood Polishing Cloth,,,,Custodia will spot polish your hardwood and over time work out all of the scratches and scuffs.  We will simply polish up a traffic area when we come by.  A small touch that really helps the house look better.,How to repair light scratches on hardwood floors.,https://www.youtube.com/watch?v=cpdfLqNoZAE,,,,,
,Pool deck cleaning and sweeping,10,Weekly,,,,,,,,,,,,,,,,Your pool needs to be maintained weekly in season and we have a service for that,,,,,,,,,,,,,,,,,,,,,,,,,,,,,,,,,,,,,,Pushbroom,,,,,,,,,,Each visit we will sweep and tidy the deck and power wash it if necessary.  A clean deck around the pool will help get less dirty into the  pool between maintenance visits.,How to pressure wash and clean your pool deck,https://www.youtube.com/watch?v=ecIsvP7ecxo,,,,,
,Pool maintenance,10,Daily,,,,,,,,,,,,,,,,Your pool is maintained weekly with an Custodia Pool Subscription,,,,,,,,,,,,,,,,,,,,,,,,,,,,,,,,,,,,,,Pool Maintenance Kit,,,,,Pool chlorine,,,,,Each week we come by for a short time to clean and maintain the pool and make sure it is sanitary and ready for swimming.,How to maintain a pool,https://www.youtube.com/watch?v=e_WRlfNfDd0,,,,,
,Pool opening,10,Annually,,,,,,,,,,,,,,,,Do you ever get your pool opened on time?  We can help,,,,,,,,,,,,,,,,,,,,,,,,,,,,,,,,,,,,,,Pool Maintenance Kit,,,,,Pool chlorine,,,,,"If you have a pool, sometimes it's hard to get the most out of it.  That's why our customers can subscribe to POOL, our exclusive pool maintenance subscription that can be added with a click.",How to close a swimming pool,https://www.youtube.com/watch?v=WHi7Zli05rA,How to open a swimming pool,https://www.youtube.com/watch?v=OqyGP4swg0E,,,
,Pool closing,10,Annually,,,,,,,,,,,,,,,,Do you ever get your pool opened on time?  We can help,,,,,,,,,,,,,,,,,,,,,,,,,,,,,,,,,,,,,,Pool Maintenance Kit,,,,,Pool chlorine,,,,,"If you have a pool, sometimes it's hard to get the most out of it.  That's why our customers can subscribe to POOL, our exclusive pool maintenance subscription that can be added with a click.",How to close a swimming pool,https://www.youtube.com/watch?v=WHi7Zli05rA,How to open a swimming pool,https://www.youtube.com/watch?v=OqyGP4swg0E,,,
,Power Wash the outside of the house,10,Annually,,,,x,,,,,,,,,,,Outside This Month,Once a year we pressure wash your house so it looks amazing,,,,,,,,,,,,,,,,,,,,,,,,,,,,,,,,,,,,,,Power Washer,,,,,Hand Towel,,,,,"You can remove algae, mildew, mold, dirt and more from the outside of your house.  It will look nicer and stop anything from growing where it shouldn't.",How to pressure wash your home,https://www.youtube.com/watch?v=h5jGzfydims,,,,,
,Regularly check for ice dams and icicles,10,Weather Trigger,,,,,,,,,,,,,,-5C,Outside This Month,Do you have a large block of ice forming on the edge of your roof?,,,,,,,,,,,,,,,,,,,,,,,,,,,,,,,,,,,,,,30' Ladder,,,,,Rock Salt,Sock,,,,Many Custodia customers live in older homes any have ice dams that can cause major damage over time.  We will look after these if they happen and help you get rid of them for good.,How to properly treat and prevent ice dams,https://www.youtube.com/watch?v=5AGU5wDO0cw,,,,,
,Remind to change sensitive internet passwords,10,Biannually,,,,,,,,,,,,,,,Prevent This Month,When was the last time you changed your most used internet passwords?,,,,,,,,,,,,,,,,,,,,,,,,,,,,,,,,,,,,,,,,,,,,,,,,If you still use passwords on websites you need to consider changing them 2-3 times a year so that you are secure.  It's best to use new ones each time.  Custodia will remind you and help you if you need help.  ,Should you regularly change your internet passwords?,https://www.youtube.com/watch?v=kJVrV2HT-s4,,,,,
,Remove shower heads and clean sediment,10,Annually,,,,,,,,,,,,,,,Clean This Month,"Is hard water clogging your shower head?  it's tricky, but we can fix that!",,,,,,,,,,,,,,,,,,,,,,,,,,,,,,,,,,,,,,Pipe Pliers,,,,,Baking soda,Vinegar,,,,Custodia will help the water flow free!  We will clean your shower head and have it working perfectly or we will replace it. ,How to remove sediment from the shower head,https://www.youtube.com/watch?v=K14b2DyEz3c,,,,,
,Run water and flush toilets in unused spaces,10,Biannually,,,,,,,,,,,,,,,Prevent This Month,Quickly run the water to release any air bubbles that may be in the pipes,,,,,,,,,,,,,,,,,,,,,,,,,,,,,,,,,,,,,,,,,,,Hand Towel,,,,,Getting into these unused spaces helps Custodia ensure they are maintained and operating efficiently.,How to maintain and clean a bathroom tap,https://www.youtube.com/watch?v=RrZYhr0DjWk,,,,,The water in the pipes could get old and stale.
,Service and lubricate doors/hinges/locks/deadbolts,10,Annually,,,,,,,,,,,,,,,Inside This Month,Loose screws and parts will lead to failure faster,,,,,,,,,,,,,,,,,,,,,,,,,,,,,,,,,,,,,,Drill,Utility knife,,,,Wood for stripped screw holes,Common door hardware screws,Work Cloth,,,"Just pick up a screwdriver and walk around to all your window and door locks.  Jiggle them, if they are loose, tighten them.","How to maintain and install locks, deadbolts and hinges",https://www.youtube.com/watch?v=LVSt3BtHeaI,,,,,Newer locks may not fit well in older door handle holes in doors.  Make sure you know the size of the hole and the size of the new lock set
,Sweep and mop front walkway / hallway,6,Weekly,,,,,,,,,,,,,,,Clean This Month,A nice sweep and mop makes things look nicer and smell great,,,,,,,,,,,,,,,,,,,,,,,,,,,,,,,,,,,,,,Broom and Dustpan,Wet Mop,Bucket,,,All purpose cleaner,dust bag,Face Mask (depending),,,"Each time we visit, we will finish up buy sweeping and mopping the front walkway / hallway.  A quick task that really finishes things up nicely.",How to properly sweep and mop,https://www.youtube.com/watch?v=BN3JKgrY1I0,,,,,
,Test / Clean and Maintain Sump Pump,10,Annually,,,,,,,,,,,,,,,Inside This Month,"Sump Pumps keep the water outside, where it belongs",,,,,,,,,,,,,,,,,,,,,,,,,,,,,,,,,,,,,,Screwdriver set,Pipe Pliers,,,,Pool Chlorine,,,,,"If you have a sump pump in the home and have never touched it, it's best to test and clean it so it's functioning optimally.",How to test and maintain a sump pump,https://www.youtube.com/watch?v=WjcZyJxr8fg,,,,,
,Test garage door and it's auto-reverse feature,10,Annually,,,,,,,,,,,,,,,Outside This Month,Testing the garage door is simple and could save you thousands in damages,,,,,,,,,,,,,,,,,,,,,,,,,,,,,,,,,,,,,,Screwdriver Set,,,,,WD 40 Lubrication,,,,,It's easy to kick one of the garage door sensors and to misalign them.  You want to take care to ensure your auto reverse feature is working flawlessly.  Custodia will test and tighten twice a year to ensure that all is working properly.,How to maintain your garage door opener and test the garage door opener auto reverse feature.,https://www.youtube.com/watch?v=FTzA7oXy8fM,,,,,Inspect weather stip at bottom of door.
,Test smoke/CO detectors/security system,10,Bimonthly,,,,,,,,,,,,,,,,How often to you change batteries and test these systems?,,,,,,,,,,,,,,,,,,,,,,,,,,,,,,,,,,,,,,Screwdriver Kit,,,,,Compressed Air,AA Batteries,Dust Cloth,,,Your battery or electricity powered home protection systems need to be tested and maintained every few months.  We do our best to test them each time we visit.  It does not take too long. ,How to test smoke detectors,https://www.youtube.com/watch?v=3Y4R6fWcteM,,,,,
,Test the gas fireplace,10,Annually,,,,,,,,,,,,,,,,"If you have a gas fireplace, a couple of maintenance checks a year should do it.",,,,,,,,,,,,,,,,,,,,,,,,,,,,,,,,,,,,,,Screwdriver Kit,,,,,Dusting Towel,Spray Cleaner,,,,"They make your home much more comfortable and visually appealing.  Custodia do not do extensive certified repairs on gas fireplaces, we leave that to the pros.  We help the owner maintain them, so they last longer.",How to do preventative maintenance on your gas fireplace,https://www.youtube.com/watch?v=beqquvhtPRE,,,,,
,Test your water heater pressure relief valve,10,Annually,,,,,,,,,,,,,,,,Testing the pressure valve will ensure your safety in the event of a malfunction,,,,,,,,,,,,,,,,,,,,,,,,,,,,,,,,,,,,,,Water Pressure Gauge,Small Bucket ,,,,Hand Towel,,,,,It's a simple test but a valuable one.  You don't want to have a water heater malfunction and have this valve out of service. ,How to test your temperature and pressure relief valve,https://www.youtube.com/watch?v=sMDTEjJUImw,,,,,"New one, no worries.  Old style, do not test it.  If you pop it, it may not reset.  They may still work, but a test might break them.  Be careful."
,Tighten screws in furniture ,10,Annually,,,,,,,,,,,,,,,,"If you have Ikea furniture, you need to tighten the screws!",,,,,,,,,,,,,,,,,,,,,,,,,,,,,,,,,,,,,,Screwdriver set,Ikea Furniture Repair Kit,,,,Dusting Towel,Spray Cleaner,,,,"It's a great product, but you need to keep it tight.  Screws and knobs that listen up are the first things to break and can destroy the stability of your furniture.  Custodia will check and tighten up where needed.",How to fix loose screws in Ikea furniture,https://www.youtube.com/watch?v=GpsHoKriKX8,,,,,
,Trim any loose threads on carpets and rugs,10,Biannually,,,,,,,,,,,,,,,Inside This Month,Do you have loose threads in rugs or carpets?,,,,,,,,,,,,,,,,,,,,,,,,,,,,,,,,,,,,,,Scissors,Pen,,,,Carpet glue,,,,,"Each visit, we check your rugs and carpets for loose threads or imperfections that need a trim.  We will lightly vacuum the carpet while we are there as well.",How to fix a carpet where the threads have been pulled out,https://www.youtube.com/watch?v=gBqjBgAbWDA,,,,,
,Turn off and shut down air conditioner for the season,10,Annually,,,,,,,,,,,,,,,,"Let's keep your air conditioner working longer, maintain it before winter",,,,,,,,,,,,,,,,,,,,,,,,,,,,,,,,,,,,,,Drill,AC Fin Straightener,Soft bristle brush,,,Compressed air,,,,,"You can simply let the snowfall on it or keep it sitting in your window.  Custodia recommends a light servicing and inspection two times a year.  These things are expensive, prevent issues before they happen.",How to maintain an AC unit,https://www.youtube.com/watch?v=SEVx7ByV9Rg,,,,,
,Turn On Exterior Attach detach Hoses,10,Annually,,,,,x,,,,,,,,,,,Before winter we turn off the exterior water and prepare for cold,,,,,,,,,,,,,,,,,,,,,,,,,,,,,,,,,,,,,,Pliers,,,,,Hand Towel,,,,,"Custodia will get your outside water supply, hoses and other tools put away for the winter.  Turning off the water outside will help lower the risk of a burst pipe as things freeze.","Turning on and off outside water, removing leftover water and bleeding lines",https://www.youtube.com/watch?v=A_FV753VCMg,,,,,
,Turn off Exterior Water detach Hoses,10,Annually,,,,,,,,,,,x,,,,,Before winter we turn off the exterior water and prepare for cold,,,,,,,,,,,,,,,,,,,,,,,,,,,,,,,,,,,,,,Pliers,,,,,Hand Towel,,,,,"Custodia will get your outside water supply, hoses and other tools put away for the winter.  Turning off the water outside will help lower the risk of a burst pipe as things freeze.","Turning on and off outside water, removing leftover water and bleeding lines",https://www.youtube.com/watch?v=A_FV753VCMg,,,,,
,Water Sprinkler Shutdown/Turn on,10,Annually,,,,,x,,,,,,,,,,,"If you have sprinklers, they should be shut down during the colder months,",,,,,,,,,,,,,,,,,,,,,,,,,,,,,,,,,,,,,,10 inch Pipe Pliers,Plyers,,,,Work Cloth,,,,,Custodia will schedule a shutdown and maintenance of your water sprinkler system.  Another simple checklist review to ensure everything is working correctly and ready for the season.,4 ways to turn off / on water sprinklers,https://www.youtube.com/watch?v=cQNaPiziel4,,,,,You need to make sure you have a way to blow the water out of the pipes to close it off for winter.  You detach the water and attach a air compressor to push the water out.
,Water Sprinkler Shutdown/Turn off,10,Annually,,,,,,,,,,,x,,,,,"If you have sprinklers, they should be shut down during the colder months,",,,,,,,,,,,,,,,,,,,,,,,,,,,,,,,,,,,,,,10 inch Pipe Pliers,Plyers,,,,Work Cloth,,,,,Custodia will schedule a shutdown and maintenance of your water sprinkler system.  Another simple checklist review to ensure everything is working correctly and ready for the season.,4 ways to turn off / on water sprinklers,https://www.youtube.com/watch?v=cQNaPiziel4,,,,,You need to make sure you have a way to blow the water out of the pipes to close it off for winter.  You detach the water and attach a air compressor to push the water out.
,Water the plants inside,10,Biweekly,x,x,x,x,x,x,x,x,x,x,x,x,,,Outside This month,Plants in the home give the room more life and feels better,,"Keep the plants healthy, they add so much to the home",,Are the plants around the house looking healthy?,,x,x,x,x,x,x,x,,,,,,,,,,,,,,,,,,,,,,,,,,Water Dispenser,,,,,Plant Food,,,,,"Water the plants in your home once every two weeks or so. In dryer homes, or for speacial plants you may need to water more often. Check out these popular videos that talk about how to water different types of plants in the home.",How to keep houseplants alive and thriving,https://www.youtube.com/watch?v=SDtWi0z13LQ,,,,,
,Water the plants outside,10,Weekly,,,,,,x,x,x,x,,,,,,Outside This month,Keep them alive and well and they will keep you happier,,Plants should be watered and within view so it can be enjoyed ,,Green plants and colourful flowers make the home a better place to live.,,x,x,,,,x,x,,,,,,,,,,,,,,,,,,,,,,,,,,Water Dispenser,Hose and Nozzel,,,,Plant Food,,,,,"If it's dry outside, you may need to water your plants and flowers more often to keep them alive and looking nice. These plants provide the home owner with more enjoyment and a sense of nature around the home. ",How to keep houseplants alive and thriving,https://www.youtube.com/watch?v=SDtWi0z13LQ,,,,,
